network,snapshot_at,period,channel_code,channel_label_en,channel_label_ne,txn_count,amount_npr,source
NCHL,2026-09-05T14:00:00+05:45,cumulative,ips_cheque,IPS/Cheque Transfer,IPS / चेक ट्रान्सफर,1159,1666242728.92,NCHL
NCHL,2026-09-05T14:00:00+05:45,cumulative,card_intl,Card – International,कार्ड – अन्तर्राष्ट्रिय,93850,1409503106.84,NCHL
NCHL,2026-09-05T14:00:00+05:45,cumulative,online_transfer,Online Transfer,अनलाइन ट्रान्सफर,11650,514270381.02,NCHL
NCHL,2026-09-05T14:00:00+05:45,cumulative,domestic_qr,Domestic QR,घरेलु QR,112932,390514243.07,NCHL
NCHL,2026-09-05T14:00:00+05:45,cumulative,remittance,Remittance,रेमिट्यान्स,25972,275119799.13,NCHL
NCHL,2026-09-05T14:00:00+05:45,cumulative,intl_qr,Int'l QR,अन्तर्राष्ट्रिय QR,627,4839861.1,NCHL
NCHL,2026-09-05T14:00:00+05:45,cumulative,card_domestic,Card – Domestic,कार्ड – घरेलु,424,3075054.77,NCHL
NCHL,2026-09-07T17:00:00+05:45,cumulative,ips_cheque,IPS / Cheque Transfer,IPS / चेक ट्रान्सफर,1225,1698907769.22,NCHL
NCHL,2026-09-07T17:00:00+05:45,cumulative,card_intl,Card – International,कार्ड – अन्तर्राष्ट्रिय,96899,1490069985.09,NCHL
NCHL,2026-09-07T17:00:00+05:45,cumulative,online_transfer,Online Transfer,अनलाइन ट्रान्सफर,12350,566745855.89,NCHL
NCHL,2026-09-07T17:00:00+05:45,cumulative,domestic_qr,Domestic QR,घरेलु QR,114334,401954542.26,NCHL
NCHL,2026-09-07T17:00:00+05:45,cumulative,remittance,Remittance,रेमिट्यान्स,26417,282370964.54,NCHL
NCHL,2026-09-07T17:00:00+05:45,cumulative,intl_qr,International QR,अन्तर्राष्ट्रिय QR,666,5388549.57,NCHL
NCHL,2026-09-07T17:00:00+05:45,cumulative,card_domestic,Card – Domestic,कार्ड – घरेलु,435,3149307.77,NCHL
Fonepay,2026-09-06T00:00:00+05:45,cumulative,domestic_qr,Domestic QR,घरेलु QR,819425,2117639003,Fonepay till 2026-09-05
Fonepay,2026-09-05,daily,domestic_qr,Domestic QR,घरेलु QR,4409,23412390,Fonepay day 2026-09-05
Fonepay,2026-09-06T00:00:00+05:45,cumulative,fonepay_bills,Fonepay Bills,फोनपे बिल्स,48257,141159588,Fonepay till 2026-09-05
Fonepay,2026-09-05,daily,fonepay_bills,Fonepay Bills,फोनपे बिल्स,2456,9214190,Fonepay day 2026-09-05
Fonepay,2026-09-06T00:00:00+05:45,cumulative,npci,NPCI,NPCI (भारत),21943,50095868,Fonepay till 2026-09-05
Fonepay,2026-09-05,daily,npci,NPCI,NPCI (भारत),486,1727576,Fonepay day 2026-09-05
Fonepay,2026-09-06T00:00:00+05:45,cumulative,alipay,Alipay,Alipay,3369,18524356,Fonepay till 2026-09-05
Fonepay,2026-09-05,daily,alipay,Alipay,Alipay,86,550450,Fonepay day 2026-09-05
Fonepay,2026-09-06T00:00:00+05:45,cumulative,ibft,IBFT,IBFT,3360,18195140,Fonepay till 2026-09-05
Fonepay,2026-09-05,daily,ibft,IBFT,IBFT,21,261626,Fonepay day 2026-09-05
Fonepay,2026-09-07T00:00:00+05:45,cumulative,domestic_qr,Domestic QR,घरेलु QR,822946,2137872218,Fonepay till 2026-09-06
Fonepay,2026-09-06,daily,domestic_qr,Domestic QR,घरेलु QR,3542,20731595,Fonepay day 2026-09-06
Fonepay,2026-09-07T00:00:00+05:45,cumulative,fonepay_bills,Fonepay Bills,फोनपे बिल्स,50332,148435944,Fonepay till 2026-09-06
Fonepay,2026-09-06,daily,fonepay_bills,Fonepay Bills,फोनपे बिल्स,2114,6961311,Fonepay day 2026-09-06
Fonepay,2026-09-07T00:00:00+05:45,cumulative,npci,NPCI (India),NPCI (भारत),22324,51617127,Fonepay till 2026-09-06
Fonepay,2026-09-06,daily,npci,NPCI (India),NPCI (भारत),381,1511998,Fonepay day 2026-09-06
Fonepay,2026-09-07T00:00:00+05:45,cumulative,alipay,Alipay,Alipay,3469,19025058,Fonepay till 2026-09-06
Fonepay,2026-09-06,daily,alipay,Alipay,Alipay,104,541290,Fonepay day 2026-09-06
Fonepay,2026-09-07T00:00:00+05:45,cumulative,ibft,IBFT,IBFT,3375,18324851,Fonepay till 2026-09-06
Fonepay,2026-09-06,daily,ibft,IBFT,IBFT,15,129711,Fonepay day 2026-09-06
NCHL,2026-09-09T00:00:00+05:45,cumulative,ips_cheque,IPS / Cheque Transfer,IPS / चेक ट्रान्सफर,1420,1857434258.62,NCHL
NCHL,2026-09-09T00:00:00+05:45,cumulative,card_intl,Card – International,कार्ड – अन्तर्राष्ट्रिय,98259,1537233468.51,NCHL
NCHL,2026-09-09T00:00:00+05:45,cumulative,online_transfer,Online Transfer,अनलाइन ट्रान्सफर,12648,578452403.60,NCHL
NCHL,2026-09-09T00:00:00+05:45,cumulative,domestic_qr,Domestic QR,घरेलु QR,114855,406524565.31,NCHL
NCHL,2026-09-09T00:00:00+05:45,cumulative,remittance,Remittance,रेमिट्यान्स,26596,286958034.43,NCHL
NCHL,2026-09-09T00:00:00+05:45,cumulative,intl_qr,Int'l QR,अन्तर्राष्ट्रिय QR,692,5557160.81,NCHL
NCHL,2026-09-09T00:00:00+05:45,cumulative,card_domestic,Card – Domestic,कार्ड – घरेलु,439,3166308.77,NCHL
NCHL,2026-09-11T00:00:00+05:45,cumulative,ips_cheque,IPS / Cheque Transfer,IPS / चेक ट्रान्सफर,2062,2074284284.35,NCHL
NCHL,2026-09-11T00:00:00+05:45,cumulative,card_intl,Card – International,कार्ड – अन्तर्राष्ट्रिय,99763,1589971616.43,NCHL
NCHL,2026-09-11T00:00:00+05:45,cumulative,online_transfer,Online Transfer,अनलाइन ट्रान्सफर,14246,722484150.57,NCHL
NCHL,2026-09-11T00:00:00+05:45,cumulative,domestic_qr,Domestic QR,घरेलु QR,115454,412732085.44,NCHL
NCHL,2026-09-11T00:00:00+05:45,cumulative,remittance,Remittance,रेमिट्यान्स,26789,292110523.35,NCHL
NCHL,2026-09-11T00:00:00+05:45,cumulative,intl_qr,Int'l QR,अन्तर्राष्ट्रिय QR,700,5637074.81,NCHL
NCHL,2026-09-11T00:00:00+05:45,cumulative,card_domestic,Card – Domestic,कार्ड – घरेलु,445,3221318.77,NCHL
Fonepay,2026-09-11T00:00:00+05:45,cumulative,domestic_qr,Domestic QR,घरेलु QR,831514,2199544334,Fonepay till 2026-09-10
Fonepay,2026-09-10,daily,domestic_qr,Domestic QR,घरेलु QR,1488,11356280,Fonepay day 2026-09-10
Fonepay,2026-09-11T00:00:00+05:45,cumulative,fonepay_bills,Fonepay Bills,फोनपे बिल्स,57048,173801658,Fonepay till 2026-09-10
Fonepay,2026-09-10,daily,fonepay_bills,Fonepay Bills,फोनपे बिल्स,1339,5503710,Fonepay day 2026-09-10
Fonepay,2026-09-11T00:00:00+05:45,cumulative,npci,NPCI (India),NPCI (भारत),23259,56581029,Fonepay till 2026-09-10
Fonepay,2026-09-10,daily,npci,NPCI (India),NPCI (भारत),176,1146951,Fonepay day 2026-09-10
Fonepay,2026-09-11T00:00:00+05:45,cumulative,alipay,Alipay,Alipay,3924,20656242,Fonepay till 2026-09-10
Fonepay,2026-09-10,daily,alipay,Alipay,Alipay,110,312774,Fonepay day 2026-09-10
Fonepay,2026-09-11T00:00:00+05:45,cumulative,ibft,IBFT,IBFT,3419,18867329,Fonepay till 2026-09-10
Fonepay,2026-09-10,daily,ibft,IBFT,IBFT,8,83151,Fonepay day 2026-09-10
NCHL,2026-09-14T00:00:00+05:45,cumulative,ips_cheque,IPS / Cheque Transfer,IPS / चेक ट्रान्सफर,2530,2356647561.08,NCHL
NCHL,2026-09-14T00:00:00+05:45,cumulative,card_intl,Card – International,कार्ड – अन्तर्राष्ट्रिय,101257,1647141856.92,NCHL
NCHL,2026-09-14T00:00:00+05:45,cumulative,online_transfer,Online Transfer,अनलाइन ट्रान्सफर,15250,791034299.55,NCHL
NCHL,2026-09-14T00:00:00+05:45,cumulative,domestic_qr,Domestic QR,घरेलु QR,116046,417203923.39,NCHL
NCHL,2026-09-14T00:00:00+05:45,cumulative,remittance,Remittance,रेमिट्यान्स,27018,300386522.70,NCHL
NCHL,2026-09-14T00:00:00+05:45,cumulative,intl_qr,Int'l QR,अन्तर्राष्ट्रिय QR,711,5763372.81,NCHL
NCHL,2026-09-14T00:00:00+05:45,cumulative,card_domestic,Card – Domestic,कार्ड – घरेलु,455,3255831.77,NCHL
Fonepay,2026-09-14T00:00:00+05:45,cumulative,domestic_qr,Domestic QR,घरेलु QR,834479,2222392313,Fonepay till 2026-09-13
Fonepay,2026-09-13,daily,domestic_qr,Domestic QR,घरेलु QR,694,5290438,Fonepay day 2026-09-13
Fonepay,2026-09-14T00:00:00+05:45,cumulative,fonepay_bills,Fonepay Bills,फोनपे बिल्स,59701,185902559,Fonepay till 2026-09-13
Fonepay,2026-09-13,daily,fonepay_bills,Fonepay Bills,फोनपे बिल्स,678,2886020,Fonepay day 2026-09-13
Fonepay,2026-09-14T00:00:00+05:45,cumulative,npci,NPCI (India),NPCI (भारत),23607,58447063,Fonepay till 2026-09-13
Fonepay,2026-09-13,daily,npci,NPCI (India),NPCI (भारत),86,567333,Fonepay day 2026-09-13
Fonepay,2026-09-14T00:00:00+05:45,cumulative,alipay,Alipay,Alipay,4183,21356916,Fonepay till 2026-09-13
Fonepay,2026-09-13,daily,alipay,Alipay,Alipay,48,154579,Fonepay day 2026-09-13
Fonepay,2026-09-14T00:00:00+05:45,cumulative,ibft,IBFT,IBFT,3437,19150611,Fonepay till 2026-09-13
Fonepay,2026-09-13,daily,ibft,IBFT,IBFT,6,44611,Fonepay day 2026-09-13
NCHL,2026-09-18T00:00:00+05:45,cumulative,ips_cheque,IPS / Cheque Transfer,IPS / चेक ट्रान्सफर,5184,2784573980.03,NCHL
NCHL,2026-09-18T00:00:00+05:45,cumulative,card_intl,Card – International,कार्ड – अन्तर्राष्ट्रिय,102704,1710144014.62,NCHL
NCHL,2026-09-18T00:00:00+05:45,cumulative,online_transfer,Online Transfer,अनलाइन ट्रान्सफर,17033,999837252.21,NCHL
NCHL,2026-09-18T00:00:00+05:45,cumulative,domestic_qr,Domestic QR,घरेलु QR,116508,422066223.91,NCHL
NCHL,2026-09-18T00:00:00+05:45,cumulative,remittance,Remittance,रेमिट्यान्स,27167,309620026.31,NCHL
NCHL,2026-09-18T00:00:00+05:45,cumulative,intl_qr,Int'l QR,अन्तर्राष्ट्रिय QR,723,5924142.74,NCHL
NCHL,2026-09-18T00:00:00+05:45,cumulative,card_domestic,Card – Domestic,कार्ड – घरेलु,461,3262145.77,NCHL
NCHL,2026-09-21T00:00:00+05:45,cumulative,ips_cheque,IPS / Cheque Transfer,IPS / चेक ट्रान्सफर,5413,2818437545.73,NCHL
NCHL,2026-09-21T00:00:00+05:45,cumulative,card_intl,Card – International,कार्ड – अन्तर्राष्ट्रिय,103399,1739727713.53,NCHL
NCHL,2026-09-21T00:00:00+05:45,cumulative,online_transfer,Online Transfer,अनलाइन ट्रान्सफर,17467,1030656787.41,NCHL
NCHL,2026-09-21T00:00:00+05:45,cumulative,domestic_qr,Domestic QR,घरेलु QR,116713,424326007.55,NCHL
NCHL,2026-09-21T00:00:00+05:45,cumulative,remittance,Remittance,रेमिट्यान्स,27227,312896928.96,NCHL
NCHL,2026-09-21T00:00:00+05:45,cumulative,intl_qr,Int'l QR,अन्तर्राष्ट्रिय QR,727,6284642.74,NCHL
NCHL,2026-09-21T00:00:00+05:45,cumulative,card_domestic,Card – Domestic,कार्ड – घरेलु,464,3314246.77,NCHL
NCHL,2026-09-22T00:00:00+05:45,cumulative,ips_cheque,IPS / Cheque Transfer,IPS / चेक ट्रान्सफर,5668,2879233119.80,NCHL
NCHL,2026-09-22T00:00:00+05:45,cumulative,card_intl,Card – International,कार्ड – अन्तर्राष्ट्रिय,103608,1755487707.88,NCHL
NCHL,2026-09-22T00:00:00+05:45,cumulative,online_transfer,Online Transfer,अनलाइन ट्रान्सफर,17761,1051569724.32,NCHL
NCHL,2026-09-22T00:00:00+05:45,cumulative,domestic_qr,Domestic QR,घरेलु QR,116779,425036433.55,NCHL
NCHL,2026-09-22T00:00:00+05:45,cumulative,remittance,Remittance,रेमिट्यान्स,27237,313527437.55,NCHL
NCHL,2026-09-22T00:00:00+05:45,cumulative,intl_qr,Int'l QR,अन्तर्राष्ट्रिय QR,730,6380842.74,NCHL
NCHL,2026-09-22T00:00:00+05:45,cumulative,card_domestic,Card – Domestic,कार्ड – घरेलु,465,3314247.77,NCHL
Fonepay,2026-09-21T00:00:00+05:45,cumulative,domestic_qr,Domestic QR,घरेलु QR,837881,2252726616,Fonepay till 2026-09-20
Fonepay,2026-09-20,daily,domestic_qr,Domestic QR,घरेलु QR,252,3078897,Fonepay day 2026-09-20
Fonepay,2026-09-21T00:00:00+05:45,cumulative,fonepay_bills,Fonepay Bills,फोनपे बिल्स,63653,202629160,Fonepay till 2026-09-20
Fonepay,2026-09-20,daily,fonepay_bills,Fonepay Bills,फोनपे बिल्स,360,1329239,Fonepay day 2026-09-20
Fonepay,2026-09-21T00:00:00+05:45,cumulative,npci,NPCI (India),NPCI (भारत),23975,61471356,Fonepay till 2026-09-20
Fonepay,2026-09-20,daily,npci,NPCI (India),NPCI (भारत),40,367055,Fonepay day 2026-09-20
Fonepay,2026-09-21T00:00:00+05:45,cumulative,alipay,Alipay,Alipay,4331,22616723,Fonepay till 2026-09-20
Fonepay,2026-09-20,daily,alipay,Alipay,Alipay,46,379013,Fonepay day 2026-09-20
Fonepay,2026-09-21T00:00:00+05:45,cumulative,ibft,IBFT,IBFT,3453,19407969,Fonepay till 2026-09-20
Fonepay,2026-09-20,daily,ibft,IBFT,IBFT,1,11111,Fonepay day 2026-09-20
Fonepay,2026-09-22T00:00:00+05:45,cumulative,domestic_qr,Domestic QR,घरेलु QR,838162,2255745331,Fonepay till 2026-09-21
Fonepay,2026-09-21,daily,domestic_qr,Domestic QR,घरेलु QR,278,3027981,Fonepay day 2026-09-21
Fonepay,2026-09-22T00:00:00+05:45,cumulative,fonepay_bills,Fonepay Bills,फोनपे बिल्स,64065,205134047,Fonepay till 2026-09-21
Fonepay,2026-09-21,daily,fonepay_bills,Fonepay Bills,फोनपे बिल्स,403,2783450,Fonepay day 2026-09-21
Fonepay,2026-09-22T00:00:00+05:45,cumulative,npci,NPCI (India),NPCI (भारत),24012,62000386,Fonepay till 2026-09-21
Fonepay,2026-09-21,daily,npci,NPCI (India),NPCI (भारत),36,529029,Fonepay day 2026-09-21
Fonepay,2026-09-22T00:00:00+05:45,cumulative,alipay,Alipay,Alipay,4371,22789669,Fonepay till 2026-09-21
Fonepay,2026-09-21,daily,alipay,Alipay,Alipay,43,182923,Fonepay day 2026-09-21
Fonepay,2026-09-22T00:00:00+05:45,cumulative,ibft,IBFT,IBFT,3453,19407969,Fonepay till 2026-09-21
